Threads,P-Classifier,P-Hash-MinPointID,P-Hash-Sort-FNV1A,P-Hash-Sort-MinPointID,P-Hash-Fight-FNV1A,P-Hash-Fight-MinPointID,P-Hash-Count-FNV1A,P-Hash-Count-MinPointID
1,239.6265,125.4682,542.0669,276.11560000000003,577.019,703.9134999999999,283.9291,73.34572
2,123.6075,64.34658,282.477,145.16760000000002,301.08579999999995,370.62140000000005,151.4857,39.07199
4,64.16316,33.03506,164.5039,77.27571,163.5564,205.22690000000003,84.96397999999999,20.93728
8,34.817040000000006,18.124120000000005,92.30239999999999,45.72256,91.6735,120.5971,46.880559999999996,11.91617
16,21.1834,11.55043,57.08202,30.56291,55.48831,81.62547,27.6864,7.933853999999999
32,13.920170000000002,8.074198,40.05212999999999,21.550579999999997,37.60907,61.05771,20.78108,6.057027
64,10.089966,6.379157,33.44721,18.98668,29.183360000000004,55.71719,18.521340000000002,5.558286000000001
128,9.400448999999998,6.094493000000002,31.69237,17.727899999999998,25.69455,54.88919,18.2317,5.358287
