Algorithm,JSM,F-15,JSM-tet,F-15-tet
P-Hash-Sort-FNV1A,1.4626620000000001,,,
P-Hash-Sort-MinPointID,2.7282900000000003,,,
P-Hash-Fight-FNV1A,1.478737,,,
P-Hash-Fight-MinPointID,3.666054,,,
P-Hash-Count-FNV1A,1.3981169999999998,3.0069169999999996,2.4389450000000004,6.4129570000000005
P-Hash-Count-MinPointID,0.9685243,1.314792,1.752761,4.089898
