Algorithm,JSM,F-15,JSM-tet,F-15-tet
P-Hash-Sort-FNV1A,1.46291,,,
P-Hash-Sort-MinPointID,6.277321000000001,,,
P-Hash-Fight-FNV1A,1.4748240000000001,,,
P-Hash-Fight-MinPointID,5.720629000000001,,,
P-Hash-Count-FNV1A,1.401874,3.0309850000000003,2.503244,6.528233
P-Hash-Count-MinPointID,1.9120899999999998,3.162288,3.772953,9.237044000000001
