Algorithm,JSM,F-15,JSM-tet,F-15-tet
P-Classifier,6.943989999999999,8.823384,8.754975,14.360179999999996
P-Hash-MinPointID,2.533032,4.290894999999999,4.070500000000001,7.2230490000000005
P-Hash-Sort-FNV1A,7.4815510000000005,16.737940000000002,12.55197,29.968169999999997
P-Hash-Sort-MinPointID,5.016554999999999,10.55116,9.283323,21.56378
P-Hash-Fight-FNV1A,5.792882,12.00301,11.14827,25.8904
P-Hash-Fight-MinPointID,17.89183,27.884439999999994,43.398520000000005,96.98085
P-Hash-Count-FNV1A,5.0157110000000005,11.396130000000001,5.968499,14.831220000000002
P-Hash-Count-MinPointID,2.589297,5.426032999999999,3.2593610000000006,7.5510290000000015
