Algorithm,JSM,F-15,JSM-tet,F-15-tet
P-Classifier,5.474032,4.244449,7.103464999999998,8.813116
P-Hash-MinPointID,2.021564,3.3716749999999998,3.323975,6.191524
P-Hash-Sort-FNV1A,8.41609,18.09683,13.721640000000003,32.14339
P-Hash-Sort-MinPointID,4.110012000000001,7.9362189999999995,7.5663909999999985,17.296060000000004
P-Hash-Fight-FNV1A,6.2897229999999995,12.296830000000002,11.27298,26.078920000000004
P-Hash-Fight-MinPointID,12.70119,17.29939,26.322839999999996,55.270320000000005
P-Hash-Count-FNV1A,6.337993,14.906839999999999,7.597721999999999,18.31122
P-Hash-Count-MinPointID,1.6887409999999998,2.464634,2.53496,5.4080379999999995
