Algorithm,JSM,F-15,JSM-tet,F-15-tet
P-Classifier,5.440202,4.198405,7.126130000000001,9.400448999999998
P-Hash-MinPointID,2.0056230000000004,3.3823049999999997,3.3042609999999994,6.094493000000002
P-Hash-Sort-FNV1A,8.356609,18.07494,13.521370000000001,31.69237
P-Hash-Sort-MinPointID,4.136751,7.978107000000001,7.7845960000000005,17.705890000000004
P-Hash-Fight-FNV1A,6.315637000000001,12.47217,11.24541,25.69455
P-Hash-Fight-MinPointID,12.62434,17.39787,26.299179999999996,54.98470999999999
P-Hash-Count-FNV1A,6.319587,14.893489999999996,7.6273979999999995,18.2317
P-Hash-Count-MinPointID,1.6864240000000001,2.452572,2.519282,5.362472
