Algorithm,JSM,F-15,JSM-tet,F-15-tet
P-Hash-Sort-FNV1A,1.461986,,,
P-Hash-Sort-MinPointID,4.392080999999999,,,
P-Hash-Fight-FNV1A,1.477977,,,
P-Hash-Fight-MinPointID,3.668259,,,
P-Hash-Count-FNV1A,1.3681329999999998,2.9410439999999993,2.4530200000000004,6.498465999999999
P-Hash-Count-MinPointID,0.9496571000000001,1.3146799999999998,1.728347,4.0681259999999995
