Threads,P-Classifier,P-Hash-MinPointID,P-Hash-Sort-FNV1A,P-Hash-Sort-MinPointID,P-Hash-Fight-FNV1A,P-Hash-Fight-MinPointID,P-Hash-Count-FNV1A,P-Hash-Count-MinPointID
1,126.9129,65.08953999999999,215.93429999999998,111.8712,217.5654,335.97920000000005,110.43299999999999,35.8023
2,64.86711,33.43501,115.06950000000002,59.72903,116.08650000000003,180.113,59.601290000000006,19.042299999999997
4,33.56917,17.26184,65.9358,31.91321,65.92884999999998,97.4815,33.65966,10.03155
8,18.80488,9.745407,36.77266,18.572250000000004,36.45928,57.479910000000004,18.189839999999997,5.710785
16,12.05172,6.392048,23.5064,12.83235,22.94998,38.932759999999995,11.22915,3.8217109999999996
32,8.708542,4.637396999999999,16.43768,9.314618999999999,15.674710000000001,29.23331,8.319397,2.855862
64,7.037026,3.5029610000000004,14.309540000000002,8.099135,12.516659999999998,26.79137,7.710832999999998,2.59748
128,7.157809,3.2854979999999996,13.688490000000005,7.5264679999999995,11.27254,26.358450000000005,7.596679,2.535801
